Colorcode,beeld,aantal
Rol 33 |  | EXP: 2025-08,202014342layout_outline_33.pdf,2600
Rol 20 |  | EXP: 2024-01,202014342layout_outline_20.pdf,1500
Rol 32 |  | EXP: 2024-07,202014342layout_outline_32.pdf,1500
Rol 34 |  | ,202014342layout_outline_34.pdf,1000
Rol 35 |  | ,202014342layout_outline_35.pdf,1000
Rol 36 |  | ,202014342layout_outline_36.pdf,1000
Rol 1 | WHITE OUT | EXP: 2024-01,202014342layout_outline_1.pdf,400
Rol 15 | VAMPIRE RED | EXP: 2024-01,202014342layout_outline_15.pdf,400
Rol 10 | CONTACT LENSES MANSON | EXP: 2024-01,202014342layout_outline_10.pdf,300
Rol 2 | RED OUT | EXP: 2024-01,202014342layout_outline_2.pdf,200
Rol 3 | CONTACT LENSES OUT | EXP: 2024-01,202014342layout_outline_3.pdf,200
Rol 4 | CONTACT LENSES TWILIGHT  | EXP: 2024-01,202014342layout_outline_4.pdf,200
Rol 5 | MAGIC RED | EXP: 2024-01,202014342layout_outline_5.pdf,200
Rol 6 | MAGIC BLUE | EXP: 2024-01,202014342layout_outline_6.pdf,200
Rol 7 | MAGIC PINK | EXP: 2024-01,202014342layout_outline_7.pdf,200
Rol 8 | CONTACT LENSES MAGIC | EXP: 2024-01,202014342layout_outline_8.pdf,200
Rol 9 | WHITE MANSON | EXP: 2024-01,202014342layout_outline_9.pdf,200
Rol 11 | RED MANSON | EXP: 2024-01,202014342layout_outline_11.pdf,200
Rol 12 | BLOOD DROPS | EXP: 2024-01,202014342layout_outline_12.pdf,200
Rol 13 | CONTACT LENSES WOLF | EXP: 2024-01,202014342layout_outline_13.pdf,200
Rol 14 | CONTACT LENSES SHARINGAN | EXP: 2024-01,202014342layout_outline_14.pdf,200
Rol 16 | VAMPIRE GREEN | EXP: 2024-01,202014342layout_outline_16.pdf,200
Rol 17 | CONTACT LENSES VAMPIRE | EXP: 2024-01,202014342layout_outline_17.pdf,200
Rol 18 | SHINY BLUE | EXP: 2024-01,202014342layout_outline_18.pdf,200
Rol 19 | CONTACT LENSES SHINY | EXP: 2024-01,202014342layout_outline_19.pdf,200
Rol 21 | CONTACT LENSES AQUA | EXP: 2024-07,202014342layout_outline_21.pdf,200
Rol 22 | CONTACT LENSES TWIST  | EXP: 2024-07,202014342layout_outline_22.pdf,200
Rol 23 | CONTACT LENSES CLEAR | EXP: 2024-07,202014342layout_outline_23.pdf,200
Rol 24 | CLEAR GREEN | EXP: 2024-07,202014342layout_outline_24.pdf,200
Rol 25 | CONTACT LENSES GLAMOUR | EXP: 2024-07,202014342layout_outline_25.pdf,200
Rol 26 | CONTACT LENSES DOTS   | EXP: 2024-07,202014342layout_outline_26.pdf,200
Rol 27 | CONTACT LENSES GLOSSY  | EXP: 2024-07,202014342layout_outline_27.pdf,200
Rol 28 | GREEN PASSION | EXP: 2024-07,202014342layout_outline_28.pdf,200
Rol 29 | CONTACT LENSES PASSION | EXP: 2024-07,202014342layout_outline_29.pdf,200
Rol 30 | CONTACT LENSES WAVES | EXP: 2024-07,202014342layout_outline_30.pdf,200
Rol 31 | BROWN WAVES | EXP: 2024-07,202014342layout_outline_31.pdf,100
